"","row_index","exclusion_notes","exclusion_date"
"1",661,"species has no observations in AvoNet; it is a gapspecies. Setting clean to 'gapspecies' or 'all' in load or extract functions will remove these from raw_data and place them in their own gapspecies tibble.","11/Oct/2023"
"2",667,"species has no observations in AvoNet; it is a gapspecies. Setting clean to 'gapspecies' or 'all' in load or extract functions will remove these from raw_data and place them in their own gapspecies tibble.","11/Oct/2023"
"3",668,"species has no observations in AvoNet; it is a gapspecies. Setting clean to 'gapspecies' or 'all' in load or extract functions will remove these from raw_data and place them in their own gapspecies tibble.","11/Oct/2023"
"4",776,"species has no observations in AvoNet; it is a gapspecies. Setting clean to 'gapspecies' or 'all' in load or extract functions will remove these from raw_data and place them in their own gapspecies tibble.","11/Oct/2023"
"5",1104,"species has no observations in AvoNet; it is a gapspecies. Setting clean to 'gapspecies' or 'all' in load or extract functions will remove these from raw_data and place them in their own gapspecies tibble.","11/Oct/2023"
"6",1149,"species has no observations in AvoNet; it is a gapspecies. Setting clean to 'gapspecies' or 'all' in load or extract functions will remove these from raw_data and place them in their own gapspecies tibble.","11/Oct/2023"
"7",1306,"species has no observations in AvoNet; it is a gapspecies. Setting clean to 'gapspecies' or 'all' in load or extract functions will remove these from raw_data and place them in their own gapspecies tibble.","11/Oct/2023"
"8",1417,"species has no observations in AvoNet; it is a gapspecies. Setting clean to 'gapspecies' or 'all' in load or extract functions will remove these from raw_data and place them in their own gapspecies tibble.","11/Oct/2023"
"9",1418,"species has no observations in AvoNet; it is a gapspecies. Setting clean to 'gapspecies' or 'all' in load or extract functions will remove these from raw_data and place them in their own gapspecies tibble.","11/Oct/2023"
"10",1432,"species has no observations in AvoNet; it is a gapspecies. Setting clean to 'gapspecies' or 'all' in load or extract functions will remove these from raw_data and place them in their own gapspecies tibble.","11/Oct/2023"
"11",2619,"species has no observations in AvoNet; it is a gapspecies. Setting clean to 'gapspecies' or 'all' in load or extract functions will remove these from raw_data and place them in their own gapspecies tibble.","11/Oct/2023"
"12",2642,"species has no observations in AvoNet; it is a gapspecies. Setting clean to 'gapspecies' or 'all' in load or extract functions will remove these from raw_data and place them in their own gapspecies tibble.","11/Oct/2023"
"13",2743,"species has no observations in AvoNet; it is a gapspecies. Setting clean to 'gapspecies' or 'all' in load or extract functions will remove these from raw_data and place them in their own gapspecies tibble.","11/Oct/2023"
"14",2744,"species has no observations in AvoNet; it is a gapspecies. Setting clean to 'gapspecies' or 'all' in load or extract functions will remove these from raw_data and place them in their own gapspecies tibble.","11/Oct/2023"
"15",3914,"species has no observations in AvoNet; it is a gapspecies. Setting clean to 'gapspecies' or 'all' in load or extract functions will remove these from raw_data and place them in their own gapspecies tibble.","11/Oct/2023"
"16",4289,"species has no observations in AvoNet; it is a gapspecies. Setting clean to 'gapspecies' or 'all' in load or extract functions will remove these from raw_data and place them in their own gapspecies tibble.","11/Oct/2023"
"17",4601,"species has no observations in AvoNet; it is a gapspecies. Setting clean to 'gapspecies' or 'all' in load or extract functions will remove these from raw_data and place them in their own gapspecies tibble.","11/Oct/2023"
"18",4940,"species has no observations in AvoNet; it is a gapspecies. Setting clean to 'gapspecies' or 'all' in load or extract functions will remove these from raw_data and place them in their own gapspecies tibble.","11/Oct/2023"
"19",6113,"species has no observations in AvoNet; it is a gapspecies. Setting clean to 'gapspecies' or 'all' in load or extract functions will remove these from raw_data and place them in their own gapspecies tibble.","11/Oct/2023"
"20",6114,"species has no observations in AvoNet; it is a gapspecies. Setting clean to 'gapspecies' or 'all' in load or extract functions will remove these from raw_data and place them in their own gapspecies tibble.","11/Oct/2023"
"21",6168,"species has no observations in AvoNet; it is a gapspecies. Setting clean to 'gapspecies' or 'all' in load or extract functions will remove these from raw_data and place them in their own gapspecies tibble.","11/Oct/2023"
"22",6433,"species has no observations in AvoNet; it is a gapspecies. Setting clean to 'gapspecies' or 'all' in load or extract functions will remove these from raw_data and place them in their own gapspecies tibble.","11/Oct/2023"
"23",6791,"species has no observations in AvoNet; it is a gapspecies. Setting clean to 'gapspecies' or 'all' in load or extract functions will remove these from raw_data and place them in their own gapspecies tibble.","11/Oct/2023"
"24",6847,"species has no observations in AvoNet; it is a gapspecies. Setting clean to 'gapspecies' or 'all' in load or extract functions will remove these from raw_data and place them in their own gapspecies tibble.","11/Oct/2023"
"25",6867,"species has no observations in AvoNet; it is a gapspecies. Setting clean to 'gapspecies' or 'all' in load or extract functions will remove these from raw_data and place them in their own gapspecies tibble.","11/Oct/2023"
"26",6868,"species has no observations in AvoNet; it is a gapspecies. Setting clean to 'gapspecies' or 'all' in load or extract functions will remove these from raw_data and place them in their own gapspecies tibble.","11/Oct/2023"
"27",6869,"species has no observations in AvoNet; it is a gapspecies. Setting clean to 'gapspecies' or 'all' in load or extract functions will remove these from raw_data and place them in their own gapspecies tibble.","11/Oct/2023"
"28",6870,"species has no observations in AvoNet; it is a gapspecies. Setting clean to 'gapspecies' or 'all' in load or extract functions will remove these from raw_data and place them in their own gapspecies tibble.","11/Oct/2023"
"29",7762,"species has no observations in AvoNet; it is a gapspecies. Setting clean to 'gapspecies' or 'all' in load or extract functions will remove these from raw_data and place them in their own gapspecies tibble.","11/Oct/2023"
"30",7768,"species has no observations in AvoNet; it is a gapspecies. Setting clean to 'gapspecies' or 'all' in load or extract functions will remove these from raw_data and place them in their own gapspecies tibble.","11/Oct/2023"
"31",7781,"species has no observations in AvoNet; it is a gapspecies. Setting clean to 'gapspecies' or 'all' in load or extract functions will remove these from raw_data and place them in their own gapspecies tibble.","11/Oct/2023"
"32",7919,"species has no observations in AvoNet; it is a gapspecies. Setting clean to 'gapspecies' or 'all' in load or extract functions will remove these from raw_data and place them in their own gapspecies tibble.","11/Oct/2023"
"33",8870,"species has no observations in AvoNet; it is a gapspecies. Setting clean to 'gapspecies' or 'all' in load or extract functions will remove these from raw_data and place them in their own gapspecies tibble.","11/Oct/2023"
"34",9743,"species has no observations in AvoNet; it is a gapspecies. Setting clean to 'gapspecies' or 'all' in load or extract functions will remove these from raw_data and place them in their own gapspecies tibble.","11/Oct/2023"
"35",9744,"species has no observations in AvoNet; it is a gapspecies. Setting clean to 'gapspecies' or 'all' in load or extract functions will remove these from raw_data and place them in their own gapspecies tibble.","11/Oct/2023"
"36",9745,"species has no observations in AvoNet; it is a gapspecies. Setting clean to 'gapspecies' or 'all' in load or extract functions will remove these from raw_data and place them in their own gapspecies tibble.","11/Oct/2023"
"37",9746,"species has no observations in AvoNet; it is a gapspecies. Setting clean to 'gapspecies' or 'all' in load or extract functions will remove these from raw_data and place them in their own gapspecies tibble.","11/Oct/2023"
"38",9760,"species has no observations in AvoNet; it is a gapspecies. Setting clean to 'gapspecies' or 'all' in load or extract functions will remove these from raw_data and place them in their own gapspecies tibble.","11/Oct/2023"
"39",9761,"species has no observations in AvoNet; it is a gapspecies. Setting clean to 'gapspecies' or 'all' in load or extract functions will remove these from raw_data and place them in their own gapspecies tibble.","11/Oct/2023"
"40",9762,"species has no observations in AvoNet; it is a gapspecies. Setting clean to 'gapspecies' or 'all' in load or extract functions will remove these from raw_data and place them in their own gapspecies tibble.","11/Oct/2023"
"41",9843,"species has no observations in AvoNet; it is a gapspecies. Setting clean to 'gapspecies' or 'all' in load or extract functions will remove these from raw_data and place them in their own gapspecies tibble.","11/Oct/2023"
"42",10706,"species has no observations in AvoNet; it is a gapspecies. Setting clean to 'gapspecies' or 'all' in load or extract functions will remove these from raw_data and place them in their own gapspecies tibble.","11/Oct/2023"
"43",10901,"species has no observations in AvoNet; it is a gapspecies. Setting clean to 'gapspecies' or 'all' in load or extract functions will remove these from raw_data and place them in their own gapspecies tibble.","11/Oct/2023"
"44",10902,"species has no observations in AvoNet; it is a gapspecies. Setting clean to 'gapspecies' or 'all' in load or extract functions will remove these from raw_data and place them in their own gapspecies tibble.","11/Oct/2023"
"45",11178,"species has no observations in AvoNet; it is a gapspecies. Setting clean to 'gapspecies' or 'all' in load or extract functions will remove these from raw_data and place them in their own gapspecies tibble.","11/Oct/2023"
"46",11203,"species has no observations in AvoNet; it is a gapspecies. Setting clean to 'gapspecies' or 'all' in load or extract functions will remove these from raw_data and place them in their own gapspecies tibble.","11/Oct/2023"
"47",11452,"species has no observations in AvoNet; it is a gapspecies. Setting clean to 'gapspecies' or 'all' in load or extract functions will remove these from raw_data and place them in their own gapspecies tibble.","11/Oct/2023"
"48",11848,"species has no observations in AvoNet; it is a gapspecies. Setting clean to 'gapspecies' or 'all' in load or extract functions will remove these from raw_data and place them in their own gapspecies tibble.","11/Oct/2023"
"49",12147,"species has no observations in AvoNet; it is a gapspecies. Setting clean to 'gapspecies' or 'all' in load or extract functions will remove these from raw_data and place them in their own gapspecies tibble.","11/Oct/2023"
"50",12619,"species has no observations in AvoNet; it is a gapspecies. Setting clean to 'gapspecies' or 'all' in load or extract functions will remove these from raw_data and place them in their own gapspecies tibble.","11/Oct/2023"
"51",12708,"species has no observations in AvoNet; it is a gapspecies. Setting clean to 'gapspecies' or 'all' in load or extract functions will remove these from raw_data and place them in their own gapspecies tibble.","11/Oct/2023"
"52",12762,"species has no observations in AvoNet; it is a gapspecies. Setting clean to 'gapspecies' or 'all' in load or extract functions will remove these from raw_data and place them in their own gapspecies tibble.","11/Oct/2023"
"53",12768,"species has no observations in AvoNet; it is a gapspecies. Setting clean to 'gapspecies' or 'all' in load or extract functions will remove these from raw_data and place them in their own gapspecies tibble.","11/Oct/2023"
"54",13952,"species has no observations in AvoNet; it is a gapspecies. Setting clean to 'gapspecies' or 'all' in load or extract functions will remove these from raw_data and place them in their own gapspecies tibble.","11/Oct/2023"
"55",14642,"species has no observations in AvoNet; it is a gapspecies. Setting clean to 'gapspecies' or 'all' in load or extract functions will remove these from raw_data and place them in their own gapspecies tibble.","11/Oct/2023"
"56",16228,"species has no observations in AvoNet; it is a gapspecies. Setting clean to 'gapspecies' or 'all' in load or extract functions will remove these from raw_data and place them in their own gapspecies tibble.","11/Oct/2023"
"57",16349,"species has no observations in AvoNet; it is a gapspecies. Setting clean to 'gapspecies' or 'all' in load or extract functions will remove these from raw_data and place them in their own gapspecies tibble.","11/Oct/2023"
"58",16669,"species has no observations in AvoNet; it is a gapspecies. Setting clean to 'gapspecies' or 'all' in load or extract functions will remove these from raw_data and place them in their own gapspecies tibble.","11/Oct/2023"
"59",16850,"species has no observations in AvoNet; it is a gapspecies. Setting clean to 'gapspecies' or 'all' in load or extract functions will remove these from raw_data and place them in their own gapspecies tibble.","11/Oct/2023"
"60",16856,"species has no observations in AvoNet; it is a gapspecies. Setting clean to 'gapspecies' or 'all' in load or extract functions will remove these from raw_data and place them in their own gapspecies tibble.","11/Oct/2023"
"61",16857,"species has no observations in AvoNet; it is a gapspecies. Setting clean to 'gapspecies' or 'all' in load or extract functions will remove these from raw_data and place them in their own gapspecies tibble.","11/Oct/2023"
"62",17153,"species has no observations in AvoNet; it is a gapspecies. Setting clean to 'gapspecies' or 'all' in load or extract functions will remove these from raw_data and place them in their own gapspecies tibble.","11/Oct/2023"
"63",17449,"species has no observations in AvoNet; it is a gapspecies. Setting clean to 'gapspecies' or 'all' in load or extract functions will remove these from raw_data and place them in their own gapspecies tibble.","11/Oct/2023"
"64",17455,"species has no observations in AvoNet; it is a gapspecies. Setting clean to 'gapspecies' or 'all' in load or extract functions will remove these from raw_data and place them in their own gapspecies tibble.","11/Oct/2023"
"65",17851,"species has no observations in AvoNet; it is a gapspecies. Setting clean to 'gapspecies' or 'all' in load or extract functions will remove these from raw_data and place them in their own gapspecies tibble.","11/Oct/2023"
"66",18012,"species has no observations in AvoNet; it is a gapspecies. Setting clean to 'gapspecies' or 'all' in load or extract functions will remove these from raw_data and place them in their own gapspecies tibble.","11/Oct/2023"
"67",18233,"species has no observations in AvoNet; it is a gapspecies. Setting clean to 'gapspecies' or 'all' in load or extract functions will remove these from raw_data and place them in their own gapspecies tibble.","11/Oct/2023"
"68",18947,"species has no observations in AvoNet; it is a gapspecies. Setting clean to 'gapspecies' or 'all' in load or extract functions will remove these from raw_data and place them in their own gapspecies tibble.","11/Oct/2023"
"69",20577,"species has no observations in AvoNet; it is a gapspecies. Setting clean to 'gapspecies' or 'all' in load or extract functions will remove these from raw_data and place them in their own gapspecies tibble.","11/Oct/2023"
"70",20578,"species has no observations in AvoNet; it is a gapspecies. Setting clean to 'gapspecies' or 'all' in load or extract functions will remove these from raw_data and place them in their own gapspecies tibble.","11/Oct/2023"
"71",20827,"species has no observations in AvoNet; it is a gapspecies. Setting clean to 'gapspecies' or 'all' in load or extract functions will remove these from raw_data and place them in their own gapspecies tibble.","11/Oct/2023"
"72",22201,"species has no observations in AvoNet; it is a gapspecies. Setting clean to 'gapspecies' or 'all' in load or extract functions will remove these from raw_data and place them in their own gapspecies tibble.","11/Oct/2023"
"73",22451,"species has no observations in AvoNet; it is a gapspecies. Setting clean to 'gapspecies' or 'all' in load or extract functions will remove these from raw_data and place them in their own gapspecies tibble.","11/Oct/2023"
"74",22802,"species has no observations in AvoNet; it is a gapspecies. Setting clean to 'gapspecies' or 'all' in load or extract functions will remove these from raw_data and place them in their own gapspecies tibble.","11/Oct/2023"
"75",23667,"species has no observations in AvoNet; it is a gapspecies. Setting clean to 'gapspecies' or 'all' in load or extract functions will remove these from raw_data and place them in their own gapspecies tibble.","11/Oct/2023"
"76",23702,"species has no observations in AvoNet; it is a gapspecies. Setting clean to 'gapspecies' or 'all' in load or extract functions will remove these from raw_data and place them in their own gapspecies tibble.","11/Oct/2023"
"77",24386,"species has no observations in AvoNet; it is a gapspecies. Setting clean to 'gapspecies' or 'all' in load or extract functions will remove these from raw_data and place them in their own gapspecies tibble.","11/Oct/2023"
"78",24632,"species has no observations in AvoNet; it is a gapspecies. Setting clean to 'gapspecies' or 'all' in load or extract functions will remove these from raw_data and place them in their own gapspecies tibble.","11/Oct/2023"
"79",24686,"species has no observations in AvoNet; it is a gapspecies. Setting clean to 'gapspecies' or 'all' in load or extract functions will remove these from raw_data and place them in their own gapspecies tibble.","11/Oct/2023"
"80",24777,"species has no observations in AvoNet; it is a gapspecies. Setting clean to 'gapspecies' or 'all' in load or extract functions will remove these from raw_data and place them in their own gapspecies tibble.","11/Oct/2023"
"81",24778,"species has no observations in AvoNet; it is a gapspecies. Setting clean to 'gapspecies' or 'all' in load or extract functions will remove these from raw_data and place them in their own gapspecies tibble.","11/Oct/2023"
"82",24895,"species has no observations in AvoNet; it is a gapspecies. Setting clean to 'gapspecies' or 'all' in load or extract functions will remove these from raw_data and place them in their own gapspecies tibble.","11/Oct/2023"
"83",25204,"species has no observations in AvoNet; it is a gapspecies. Setting clean to 'gapspecies' or 'all' in load or extract functions will remove these from raw_data and place them in their own gapspecies tibble.","11/Oct/2023"
"84",25843,"species has no observations in AvoNet; it is a gapspecies. Setting clean to 'gapspecies' or 'all' in load or extract functions will remove these from raw_data and place them in their own gapspecies tibble.","11/Oct/2023"
"85",25866,"species has no observations in AvoNet; it is a gapspecies. Setting clean to 'gapspecies' or 'all' in load or extract functions will remove these from raw_data and place them in their own gapspecies tibble.","11/Oct/2023"
"86",25941,"species has no observations in AvoNet; it is a gapspecies. Setting clean to 'gapspecies' or 'all' in load or extract functions will remove these from raw_data and place them in their own gapspecies tibble.","11/Oct/2023"
"87",25946,"species has no observations in AvoNet; it is a gapspecies. Setting clean to 'gapspecies' or 'all' in load or extract functions will remove these from raw_data and place them in their own gapspecies tibble.","11/Oct/2023"
"88",26073,"species has no observations in AvoNet; it is a gapspecies. Setting clean to 'gapspecies' or 'all' in load or extract functions will remove these from raw_data and place them in their own gapspecies tibble.","11/Oct/2023"
"89",26100,"species has no observations in AvoNet; it is a gapspecies. Setting clean to 'gapspecies' or 'all' in load or extract functions will remove these from raw_data and place them in their own gapspecies tibble.","11/Oct/2023"
"90",26124,"species has no observations in AvoNet; it is a gapspecies. Setting clean to 'gapspecies' or 'all' in load or extract functions will remove these from raw_data and place them in their own gapspecies tibble.","11/Oct/2023"
"91",26138,"species has no observations in AvoNet; it is a gapspecies. Setting clean to 'gapspecies' or 'all' in load or extract functions will remove these from raw_data and place them in their own gapspecies tibble.","11/Oct/2023"
"92",26139,"species has no observations in AvoNet; it is a gapspecies. Setting clean to 'gapspecies' or 'all' in load or extract functions will remove these from raw_data and place them in their own gapspecies tibble.","11/Oct/2023"
"93",26231,"species has no observations in AvoNet; it is a gapspecies. Setting clean to 'gapspecies' or 'all' in load or extract functions will remove these from raw_data and place them in their own gapspecies tibble.","11/Oct/2023"
"94",26539,"species has no observations in AvoNet; it is a gapspecies. Setting clean to 'gapspecies' or 'all' in load or extract functions will remove these from raw_data and place them in their own gapspecies tibble.","11/Oct/2023"
"95",27502,"species has no observations in AvoNet; it is a gapspecies. Setting clean to 'gapspecies' or 'all' in load or extract functions will remove these from raw_data and place them in their own gapspecies tibble.","11/Oct/2023"
"96",27868,"species has no observations in AvoNet; it is a gapspecies. Setting clean to 'gapspecies' or 'all' in load or extract functions will remove these from raw_data and place them in their own gapspecies tibble.","11/Oct/2023"
"97",28020,"species has no observations in AvoNet; it is a gapspecies. Setting clean to 'gapspecies' or 'all' in load or extract functions will remove these from raw_data and place them in their own gapspecies tibble.","11/Oct/2023"
"98",28021,"species has no observations in AvoNet; it is a gapspecies. Setting clean to 'gapspecies' or 'all' in load or extract functions will remove these from raw_data and place them in their own gapspecies tibble.","11/Oct/2023"
"99",28022,"species has no observations in AvoNet; it is a gapspecies. Setting clean to 'gapspecies' or 'all' in load or extract functions will remove these from raw_data and place them in their own gapspecies tibble.","11/Oct/2023"
"100",28069,"species has no observations in AvoNet; it is a gapspecies. Setting clean to 'gapspecies' or 'all' in load or extract functions will remove these from raw_data and place them in their own gapspecies tibble.","11/Oct/2023"
"101",28107,"species has no observations in AvoNet; it is a gapspecies. Setting clean to 'gapspecies' or 'all' in load or extract functions will remove these from raw_data and place them in their own gapspecies tibble.","11/Oct/2023"
"102",28148,"species has no observations in AvoNet; it is a gapspecies. Setting clean to 'gapspecies' or 'all' in load or extract functions will remove these from raw_data and place them in their own gapspecies tibble.","11/Oct/2023"
"103",28161,"species has no observations in AvoNet; it is a gapspecies. Setting clean to 'gapspecies' or 'all' in load or extract functions will remove these from raw_data and place them in their own gapspecies tibble.","11/Oct/2023"
"104",28172,"species has no observations in AvoNet; it is a gapspecies. Setting clean to 'gapspecies' or 'all' in load or extract functions will remove these from raw_data and place them in their own gapspecies tibble.","11/Oct/2023"
"105",28487,"species has no observations in AvoNet; it is a gapspecies. Setting clean to 'gapspecies' or 'all' in load or extract functions will remove these from raw_data and place them in their own gapspecies tibble.","11/Oct/2023"
"106",28998,"species has no observations in AvoNet; it is a gapspecies. Setting clean to 'gapspecies' or 'all' in load or extract functions will remove these from raw_data and place them in their own gapspecies tibble.","11/Oct/2023"
"107",29052,"species has no observations in AvoNet; it is a gapspecies. Setting clean to 'gapspecies' or 'all' in load or extract functions will remove these from raw_data and place them in their own gapspecies tibble.","11/Oct/2023"
"108",29890,"species has no observations in AvoNet; it is a gapspecies. Setting clean to 'gapspecies' or 'all' in load or extract functions will remove these from raw_data and place them in their own gapspecies tibble.","11/Oct/2023"
"109",30180,"species has no observations in AvoNet; it is a gapspecies. Setting clean to 'gapspecies' or 'all' in load or extract functions will remove these from raw_data and place them in their own gapspecies tibble.","11/Oct/2023"
"110",30214,"species has no observations in AvoNet; it is a gapspecies. Setting clean to 'gapspecies' or 'all' in load or extract functions will remove these from raw_data and place them in their own gapspecies tibble.","11/Oct/2023"
"111",30220,"species has no observations in AvoNet; it is a gapspecies. Setting clean to 'gapspecies' or 'all' in load or extract functions will remove these from raw_data and place them in their own gapspecies tibble.","11/Oct/2023"
"112",30647,"species has no observations in AvoNet; it is a gapspecies. Setting clean to 'gapspecies' or 'all' in load or extract functions will remove these from raw_data and place them in their own gapspecies tibble.","11/Oct/2023"
"113",31086,"species has no observations in AvoNet; it is a gapspecies. Setting clean to 'gapspecies' or 'all' in load or extract functions will remove these from raw_data and place them in their own gapspecies tibble.","11/Oct/2023"
"114",31243,"species has no observations in AvoNet; it is a gapspecies. Setting clean to 'gapspecies' or 'all' in load or extract functions will remove these from raw_data and place them in their own gapspecies tibble.","11/Oct/2023"
"115",32485,"species has no observations in AvoNet; it is a gapspecies. Setting clean to 'gapspecies' or 'all' in load or extract functions will remove these from raw_data and place them in their own gapspecies tibble.","11/Oct/2023"
"116",32486,"species has no observations in AvoNet; it is a gapspecies. Setting clean to 'gapspecies' or 'all' in load or extract functions will remove these from raw_data and place them in their own gapspecies tibble.","11/Oct/2023"
"117",32536,"species has no observations in AvoNet; it is a gapspecies. Setting clean to 'gapspecies' or 'all' in load or extract functions will remove these from raw_data and place them in their own gapspecies tibble.","11/Oct/2023"
"118",32579,"species has no observations in AvoNet; it is a gapspecies. Setting clean to 'gapspecies' or 'all' in load or extract functions will remove these from raw_data and place them in their own gapspecies tibble.","11/Oct/2023"
"119",32594,"species has no observations in AvoNet; it is a gapspecies. Setting clean to 'gapspecies' or 'all' in load or extract functions will remove these from raw_data and place them in their own gapspecies tibble.","11/Oct/2023"
"120",33001,"species has no observations in AvoNet; it is a gapspecies. Setting clean to 'gapspecies' or 'all' in load or extract functions will remove these from raw_data and place them in their own gapspecies tibble.","11/Oct/2023"
"121",33041,"species has no observations in AvoNet; it is a gapspecies. Setting clean to 'gapspecies' or 'all' in load or extract functions will remove these from raw_data and place them in their own gapspecies tibble.","11/Oct/2023"
"122",33042,"species has no observations in AvoNet; it is a gapspecies. Setting clean to 'gapspecies' or 'all' in load or extract functions will remove these from raw_data and place them in their own gapspecies tibble.","11/Oct/2023"
"123",33232,"species has no observations in AvoNet; it is a gapspecies. Setting clean to 'gapspecies' or 'all' in load or extract functions will remove these from raw_data and place them in their own gapspecies tibble.","11/Oct/2023"
"124",33885,"species has no observations in AvoNet; it is a gapspecies. Setting clean to 'gapspecies' or 'all' in load or extract functions will remove these from raw_data and place them in their own gapspecies tibble.","11/Oct/2023"
"125",33959,"species has no observations in AvoNet; it is a gapspecies. Setting clean to 'gapspecies' or 'all' in load or extract functions will remove these from raw_data and place them in their own gapspecies tibble.","11/Oct/2023"
"126",34045,"species has no observations in AvoNet; it is a gapspecies. Setting clean to 'gapspecies' or 'all' in load or extract functions will remove these from raw_data and place them in their own gapspecies tibble.","11/Oct/2023"
"127",34079,"species has no observations in AvoNet; it is a gapspecies. Setting clean to 'gapspecies' or 'all' in load or extract functions will remove these from raw_data and place them in their own gapspecies tibble.","11/Oct/2023"
"128",34569,"species has no observations in AvoNet; it is a gapspecies. Setting clean to 'gapspecies' or 'all' in load or extract functions will remove these from raw_data and place them in their own gapspecies tibble.","11/Oct/2023"
"129",35250,"species has no observations in AvoNet; it is a gapspecies. Setting clean to 'gapspecies' or 'all' in load or extract functions will remove these from raw_data and place them in their own gapspecies tibble.","11/Oct/2023"
"130",35890,"species has no observations in AvoNet; it is a gapspecies. Setting clean to 'gapspecies' or 'all' in load or extract functions will remove these from raw_data and place them in their own gapspecies tibble.","11/Oct/2023"
"131",35897,"species has no observations in AvoNet; it is a gapspecies. Setting clean to 'gapspecies' or 'all' in load or extract functions will remove these from raw_data and place them in their own gapspecies tibble.","11/Oct/2023"
"132",35930,"species has no observations in AvoNet; it is a gapspecies. Setting clean to 'gapspecies' or 'all' in load or extract functions will remove these from raw_data and place them in their own gapspecies tibble.","11/Oct/2023"
"133",36463,"species has no observations in AvoNet; it is a gapspecies. Setting clean to 'gapspecies' or 'all' in load or extract functions will remove these from raw_data and place them in their own gapspecies tibble.","11/Oct/2023"
"134",38163,"species has no observations in AvoNet; it is a gapspecies. Setting clean to 'gapspecies' or 'all' in load or extract functions will remove these from raw_data and place them in their own gapspecies tibble.","11/Oct/2023"
"135",38878,"species has no observations in AvoNet; it is a gapspecies. Setting clean to 'gapspecies' or 'all' in load or extract functions will remove these from raw_data and place them in their own gapspecies tibble.","11/Oct/2023"
"136",39172,"species has no observations in AvoNet; it is a gapspecies. Setting clean to 'gapspecies' or 'all' in load or extract functions will remove these from raw_data and place them in their own gapspecies tibble.","11/Oct/2023"
"137",39186,"species has no observations in AvoNet; it is a gapspecies. Setting clean to 'gapspecies' or 'all' in load or extract functions will remove these from raw_data and place them in their own gapspecies tibble.","11/Oct/2023"
"138",39229,"species has no observations in AvoNet; it is a gapspecies. Setting clean to 'gapspecies' or 'all' in load or extract functions will remove these from raw_data and place them in their own gapspecies tibble.","11/Oct/2023"
"139",39535,"species has no observations in AvoNet; it is a gapspecies. Setting clean to 'gapspecies' or 'all' in load or extract functions will remove these from raw_data and place them in their own gapspecies tibble.","11/Oct/2023"
"140",39987,"species has no observations in AvoNet; it is a gapspecies. Setting clean to 'gapspecies' or 'all' in load or extract functions will remove these from raw_data and place them in their own gapspecies tibble.","11/Oct/2023"
"141",40115,"species has no observations in AvoNet; it is a gapspecies. Setting clean to 'gapspecies' or 'all' in load or extract functions will remove these from raw_data and place them in their own gapspecies tibble.","11/Oct/2023"
"142",40297,"species has no observations in AvoNet; it is a gapspecies. Setting clean to 'gapspecies' or 'all' in load or extract functions will remove these from raw_data and place them in their own gapspecies tibble.","11/Oct/2023"
"143",40385,"species has no observations in AvoNet; it is a gapspecies. Setting clean to 'gapspecies' or 'all' in load or extract functions will remove these from raw_data and place them in their own gapspecies tibble.","11/Oct/2023"
"144",40390,"species has no observations in AvoNet; it is a gapspecies. Setting clean to 'gapspecies' or 'all' in load or extract functions will remove these from raw_data and place them in their own gapspecies tibble.","11/Oct/2023"
"145",40391,"species has no observations in AvoNet; it is a gapspecies. Setting clean to 'gapspecies' or 'all' in load or extract functions will remove these from raw_data and place them in their own gapspecies tibble.","11/Oct/2023"
"146",40406,"species has no observations in AvoNet; it is a gapspecies. Setting clean to 'gapspecies' or 'all' in load or extract functions will remove these from raw_data and place them in their own gapspecies tibble.","11/Oct/2023"
"147",40407,"species has no observations in AvoNet; it is a gapspecies. Setting clean to 'gapspecies' or 'all' in load or extract functions will remove these from raw_data and place them in their own gapspecies tibble.","11/Oct/2023"
"148",40420,"species has no observations in AvoNet; it is a gapspecies. Setting clean to 'gapspecies' or 'all' in load or extract functions will remove these from raw_data and place them in their own gapspecies tibble.","11/Oct/2023"
"149",40426,"species has no observations in AvoNet; it is a gapspecies. Setting clean to 'gapspecies' or 'all' in load or extract functions will remove these from raw_data and place them in their own gapspecies tibble.","11/Oct/2023"
"150",40444,"species has no observations in AvoNet; it is a gapspecies. Setting clean to 'gapspecies' or 'all' in load or extract functions will remove these from raw_data and place them in their own gapspecies tibble.","11/Oct/2023"
"151",40535,"species has no observations in AvoNet; it is a gapspecies. Setting clean to 'gapspecies' or 'all' in load or extract functions will remove these from raw_data and place them in their own gapspecies tibble.","11/Oct/2023"
"152",41210,"species has no observations in AvoNet; it is a gapspecies. Setting clean to 'gapspecies' or 'all' in load or extract functions will remove these from raw_data and place them in their own gapspecies tibble.","11/Oct/2023"
"153",41562,"species has no observations in AvoNet; it is a gapspecies. Setting clean to 'gapspecies' or 'all' in load or extract functions will remove these from raw_data and place them in their own gapspecies tibble.","11/Oct/2023"
"154",41691,"species has no observations in AvoNet; it is a gapspecies. Setting clean to 'gapspecies' or 'all' in load or extract functions will remove these from raw_data and place them in their own gapspecies tibble.","11/Oct/2023"
"155",41830,"species has no observations in AvoNet; it is a gapspecies. Setting clean to 'gapspecies' or 'all' in load or extract functions will remove these from raw_data and place them in their own gapspecies tibble.","11/Oct/2023"
"156",41906,"species has no observations in AvoNet; it is a gapspecies. Setting clean to 'gapspecies' or 'all' in load or extract functions will remove these from raw_data and place them in their own gapspecies tibble.","11/Oct/2023"
"157",41951,"species has no observations in AvoNet; it is a gapspecies. Setting clean to 'gapspecies' or 'all' in load or extract functions will remove these from raw_data and place them in their own gapspecies tibble.","11/Oct/2023"
"158",42107,"species has no observations in AvoNet; it is a gapspecies. Setting clean to 'gapspecies' or 'all' in load or extract functions will remove these from raw_data and place them in their own gapspecies tibble.","11/Oct/2023"
"159",42230,"species has no observations in AvoNet; it is a gapspecies. Setting clean to 'gapspecies' or 'all' in load or extract functions will remove these from raw_data and place them in their own gapspecies tibble.","11/Oct/2023"
"160",42269,"species has no observations in AvoNet; it is a gapspecies. Setting clean to 'gapspecies' or 'all' in load or extract functions will remove these from raw_data and place them in their own gapspecies tibble.","11/Oct/2023"
"161",42391,"species has no observations in AvoNet; it is a gapspecies. Setting clean to 'gapspecies' or 'all' in load or extract functions will remove these from raw_data and place them in their own gapspecies tibble.","11/Oct/2023"
"162",42642,"species has no observations in AvoNet; it is a gapspecies. Setting clean to 'gapspecies' or 'all' in load or extract functions will remove these from raw_data and place them in their own gapspecies tibble.","11/Oct/2023"
"163",42803,"species has no observations in AvoNet; it is a gapspecies. Setting clean to 'gapspecies' or 'all' in load or extract functions will remove these from raw_data and place them in their own gapspecies tibble.","11/Oct/2023"
"164",43315,"species has no observations in AvoNet; it is a gapspecies. Setting clean to 'gapspecies' or 'all' in load or extract functions will remove these from raw_data and place them in their own gapspecies tibble.","11/Oct/2023"
"165",43540,"species has no observations in AvoNet; it is a gapspecies. Setting clean to 'gapspecies' or 'all' in load or extract functions will remove these from raw_data and place them in their own gapspecies tibble.","11/Oct/2023"
"166",44002,"species has no observations in AvoNet; it is a gapspecies. Setting clean to 'gapspecies' or 'all' in load or extract functions will remove these from raw_data and place them in their own gapspecies tibble.","11/Oct/2023"
"167",44523,"species has no observations in AvoNet; it is a gapspecies. Setting clean to 'gapspecies' or 'all' in load or extract functions will remove these from raw_data and place them in their own gapspecies tibble.","11/Oct/2023"
"168",44756,"species has no observations in AvoNet; it is a gapspecies. Setting clean to 'gapspecies' or 'all' in load or extract functions will remove these from raw_data and place them in their own gapspecies tibble.","11/Oct/2023"
"169",44901,"species has no observations in AvoNet; it is a gapspecies. Setting clean to 'gapspecies' or 'all' in load or extract functions will remove these from raw_data and place them in their own gapspecies tibble.","11/Oct/2023"
"170",44914,"species has no observations in AvoNet; it is a gapspecies. Setting clean to 'gapspecies' or 'all' in load or extract functions will remove these from raw_data and place them in their own gapspecies tibble.","11/Oct/2023"
"171",45696,"species has no observations in AvoNet; it is a gapspecies. Setting clean to 'gapspecies' or 'all' in load or extract functions will remove these from raw_data and place them in their own gapspecies tibble.","11/Oct/2023"
"172",45880,"species has no observations in AvoNet; it is a gapspecies. Setting clean to 'gapspecies' or 'all' in load or extract functions will remove these from raw_data and place them in their own gapspecies tibble.","11/Oct/2023"
"173",45881,"species has no observations in AvoNet; it is a gapspecies. Setting clean to 'gapspecies' or 'all' in load or extract functions will remove these from raw_data and place them in their own gapspecies tibble.","11/Oct/2023"
"174",46276,"species has no observations in AvoNet; it is a gapspecies. Setting clean to 'gapspecies' or 'all' in load or extract functions will remove these from raw_data and place them in their own gapspecies tibble.","11/Oct/2023"
"175",46309,"species has no observations in AvoNet; it is a gapspecies. Setting clean to 'gapspecies' or 'all' in load or extract functions will remove these from raw_data and place them in their own gapspecies tibble.","11/Oct/2023"
"176",47530,"species has no observations in AvoNet; it is a gapspecies. Setting clean to 'gapspecies' or 'all' in load or extract functions will remove these from raw_data and place them in their own gapspecies tibble.","11/Oct/2023"
"177",47681,"species has no observations in AvoNet; it is a gapspecies. Setting clean to 'gapspecies' or 'all' in load or extract functions will remove these from raw_data and place them in their own gapspecies tibble.","11/Oct/2023"
"178",48491,"species has no observations in AvoNet; it is a gapspecies. Setting clean to 'gapspecies' or 'all' in load or extract functions will remove these from raw_data and place them in their own gapspecies tibble.","11/Oct/2023"
"179",49275,"species has no observations in AvoNet; it is a gapspecies. Setting clean to 'gapspecies' or 'all' in load or extract functions will remove these from raw_data and place them in their own gapspecies tibble.","11/Oct/2023"
"180",49547,"species has no observations in AvoNet; it is a gapspecies. Setting clean to 'gapspecies' or 'all' in load or extract functions will remove these from raw_data and place them in their own gapspecies tibble.","11/Oct/2023"
"181",49600,"species has no observations in AvoNet; it is a gapspecies. Setting clean to 'gapspecies' or 'all' in load or extract functions will remove these from raw_data and place them in their own gapspecies tibble.","11/Oct/2023"
"182",49996,"species has no observations in AvoNet; it is a gapspecies. Setting clean to 'gapspecies' or 'all' in load or extract functions will remove these from raw_data and place them in their own gapspecies tibble.","11/Oct/2023"
"183",50249,"species has no observations in AvoNet; it is a gapspecies. Setting clean to 'gapspecies' or 'all' in load or extract functions will remove these from raw_data and place them in their own gapspecies tibble.","11/Oct/2023"
"184",50325,"species has no observations in AvoNet; it is a gapspecies. Setting clean to 'gapspecies' or 'all' in load or extract functions will remove these from raw_data and place them in their own gapspecies tibble.","11/Oct/2023"
"185",50507,"species has no observations in AvoNet; it is a gapspecies. Setting clean to 'gapspecies' or 'all' in load or extract functions will remove these from raw_data and place them in their own gapspecies tibble.","11/Oct/2023"
"186",50711,"species has no observations in AvoNet; it is a gapspecies. Setting clean to 'gapspecies' or 'all' in load or extract functions will remove these from raw_data and place them in their own gapspecies tibble.","11/Oct/2023"
"187",50753,"species has no observations in AvoNet; it is a gapspecies. Setting clean to 'gapspecies' or 'all' in load or extract functions will remove these from raw_data and place them in their own gapspecies tibble.","11/Oct/2023"
"188",51539,"species has no observations in AvoNet; it is a gapspecies. Setting clean to 'gapspecies' or 'all' in load or extract functions will remove these from raw_data and place them in their own gapspecies tibble.","11/Oct/2023"
"189",51550,"species has no observations in AvoNet; it is a gapspecies. Setting clean to 'gapspecies' or 'all' in load or extract functions will remove these from raw_data and place them in their own gapspecies tibble.","11/Oct/2023"
"190",51565,"species has no observations in AvoNet; it is a gapspecies. Setting clean to 'gapspecies' or 'all' in load or extract functions will remove these from raw_data and place them in their own gapspecies tibble.","11/Oct/2023"
"191",52230,"species has no observations in AvoNet; it is a gapspecies. Setting clean to 'gapspecies' or 'all' in load or extract functions will remove these from raw_data and place them in their own gapspecies tibble.","11/Oct/2023"
"192",52272,"species has no observations in AvoNet; it is a gapspecies. Setting clean to 'gapspecies' or 'all' in load or extract functions will remove these from raw_data and place them in their own gapspecies tibble.","11/Oct/2023"
"193",53814,"species has no observations in AvoNet; it is a gapspecies. Setting clean to 'gapspecies' or 'all' in load or extract functions will remove these from raw_data and place them in their own gapspecies tibble.","11/Oct/2023"
"194",53855,"species has no observations in AvoNet; it is a gapspecies. Setting clean to 'gapspecies' or 'all' in load or extract functions will remove these from raw_data and place them in their own gapspecies tibble.","11/Oct/2023"
"195",53923,"species has no observations in AvoNet; it is a gapspecies. Setting clean to 'gapspecies' or 'all' in load or extract functions will remove these from raw_data and place them in their own gapspecies tibble.","11/Oct/2023"
"196",53924,"species has no observations in AvoNet; it is a gapspecies. Setting clean to 'gapspecies' or 'all' in load or extract functions will remove these from raw_data and place them in their own gapspecies tibble.","11/Oct/2023"
"197",53944,"species has no observations in AvoNet; it is a gapspecies. Setting clean to 'gapspecies' or 'all' in load or extract functions will remove these from raw_data and place them in their own gapspecies tibble.","11/Oct/2023"
"198",54078,"species identity is unknown. While this observation may be useful for exploring relationships between traits, it does not contribute to the values of any taxa. A key feature of AvoNet is its taxonomy systems, therefore this observation was removed. Setting clean to 'unknown' or 'all' in load or extract functions will remove this observation from raw_data","11/Oct/2023"
"199",54429,"species has no observations in AvoNet; it is a gapspecies. Setting clean to 'gapspecies' or 'all' in load or extract functions will remove these from raw_data and place them in their own gapspecies tibble.","11/Oct/2023"
"200",54842,"species has no observations in AvoNet; it is a gapspecies. Setting clean to 'gapspecies' or 'all' in load or extract functions will remove these from raw_data and place them in their own gapspecies tibble.","11/Oct/2023"
"201",55098,"species has no observations in AvoNet; it is a gapspecies. Setting clean to 'gapspecies' or 'all' in load or extract functions will remove these from raw_data and place them in their own gapspecies tibble.","11/Oct/2023"
"202",55129,"species has no observations in AvoNet; it is a gapspecies. Setting clean to 'gapspecies' or 'all' in load or extract functions will remove these from raw_data and place them in their own gapspecies tibble.","11/Oct/2023"
"203",55171,"species has no observations in AvoNet; it is a gapspecies. Setting clean to 'gapspecies' or 'all' in load or extract functions will remove these from raw_data and place them in their own gapspecies tibble.","11/Oct/2023"
"204",55180,"species has no observations in AvoNet; it is a gapspecies. Setting clean to 'gapspecies' or 'all' in load or extract functions will remove these from raw_data and place them in their own gapspecies tibble.","11/Oct/2023"
"205",55269,"species has no observations in AvoNet; it is a gapspecies. Setting clean to 'gapspecies' or 'all' in load or extract functions will remove these from raw_data and place them in their own gapspecies tibble.","11/Oct/2023"
"206",55297,"species has no observations in AvoNet; it is a gapspecies. Setting clean to 'gapspecies' or 'all' in load or extract functions will remove these from raw_data and place them in their own gapspecies tibble.","11/Oct/2023"
"207",55832,"species has no observations in AvoNet; it is a gapspecies. Setting clean to 'gapspecies' or 'all' in load or extract functions will remove these from raw_data and place them in their own gapspecies tibble.","11/Oct/2023"
"208",56006,"species has no observations in AvoNet; it is a gapspecies. Setting clean to 'gapspecies' or 'all' in load or extract functions will remove these from raw_data and place them in their own gapspecies tibble.","11/Oct/2023"
"209",56505,"species has no observations in AvoNet; it is a gapspecies. Setting clean to 'gapspecies' or 'all' in load or extract functions will remove these from raw_data and place them in their own gapspecies tibble.","11/Oct/2023"
"210",57540,"species has no observations in AvoNet; it is a gapspecies. Setting clean to 'gapspecies' or 'all' in load or extract functions will remove these from raw_data and place them in their own gapspecies tibble.","11/Oct/2023"
"211",57541,"species has no observations in AvoNet; it is a gapspecies. Setting clean to 'gapspecies' or 'all' in load or extract functions will remove these from raw_data and place them in their own gapspecies tibble.","11/Oct/2023"
"212",57654,"species has no observations in AvoNet; it is a gapspecies. Setting clean to 'gapspecies' or 'all' in load or extract functions will remove these from raw_data and place them in their own gapspecies tibble.","11/Oct/2023"
"213",57655,"species has no observations in AvoNet; it is a gapspecies. Setting clean to 'gapspecies' or 'all' in load or extract functions will remove these from raw_data and place them in their own gapspecies tibble.","11/Oct/2023"
"214",57664,"species has no observations in AvoNet; it is a gapspecies. Setting clean to 'gapspecies' or 'all' in load or extract functions will remove these from raw_data and place them in their own gapspecies tibble.","11/Oct/2023"
"215",57679,"species has no observations in AvoNet; it is a gapspecies. Setting clean to 'gapspecies' or 'all' in load or extract functions will remove these from raw_data and place them in their own gapspecies tibble.","11/Oct/2023"
"216",57694,"species has no observations in AvoNet; it is a gapspecies. Setting clean to 'gapspecies' or 'all' in load or extract functions will remove these from raw_data and place them in their own gapspecies tibble.","11/Oct/2023"
"217",57761,"species has no observations in AvoNet; it is a gapspecies. Setting clean to 'gapspecies' or 'all' in load or extract functions will remove these from raw_data and place them in their own gapspecies tibble.","11/Oct/2023"
"218",57764,"species has no observations in AvoNet; it is a gapspecies. Setting clean to 'gapspecies' or 'all' in load or extract functions will remove these from raw_data and place them in their own gapspecies tibble.","11/Oct/2023"
"219",57809,"species has no observations in AvoNet; it is a gapspecies. Setting clean to 'gapspecies' or 'all' in load or extract functions will remove these from raw_data and place them in their own gapspecies tibble.","11/Oct/2023"
"220",57983,"species has no observations in AvoNet; it is a gapspecies. Setting clean to 'gapspecies' or 'all' in load or extract functions will remove these from raw_data and place them in their own gapspecies tibble.","11/Oct/2023"
"221",58196,"species has no observations in AvoNet; it is a gapspecies. Setting clean to 'gapspecies' or 'all' in load or extract functions will remove these from raw_data and place them in their own gapspecies tibble.","11/Oct/2023"
"222",58259,"species has no observations in AvoNet; it is a gapspecies. Setting clean to 'gapspecies' or 'all' in load or extract functions will remove these from raw_data and place them in their own gapspecies tibble.","11/Oct/2023"
"223",58325,"species has no observations in AvoNet; it is a gapspecies. Setting clean to 'gapspecies' or 'all' in load or extract functions will remove these from raw_data and place them in their own gapspecies tibble.","11/Oct/2023"
"224",58375,"species has no observations in AvoNet; it is a gapspecies. Setting clean to 'gapspecies' or 'all' in load or extract functions will remove these from raw_data and place them in their own gapspecies tibble.","11/Oct/2023"
"225",58529,"species has no observations in AvoNet; it is a gapspecies. Setting clean to 'gapspecies' or 'all' in load or extract functions will remove these from raw_data and place them in their own gapspecies tibble.","11/Oct/2023"
"226",59442,"species has no observations in AvoNet; it is a gapspecies. Setting clean to 'gapspecies' or 'all' in load or extract functions will remove these from raw_data and place them in their own gapspecies tibble.","11/Oct/2023"
"227",59452,"species has no observations in AvoNet; it is a gapspecies. Setting clean to 'gapspecies' or 'all' in load or extract functions will remove these from raw_data and place them in their own gapspecies tibble.","11/Oct/2023"
"228",59453,"species has no observations in AvoNet; it is a gapspecies. Setting clean to 'gapspecies' or 'all' in load or extract functions will remove these from raw_data and place them in their own gapspecies tibble.","11/Oct/2023"
"229",59468,"species has no observations in AvoNet; it is a gapspecies. Setting clean to 'gapspecies' or 'all' in load or extract functions will remove these from raw_data and place them in their own gapspecies tibble.","11/Oct/2023"
"230",59470,"species has no observations in AvoNet; it is a gapspecies. Setting clean to 'gapspecies' or 'all' in load or extract functions will remove these from raw_data and place them in their own gapspecies tibble.","11/Oct/2023"
"231",60333,"species has no observations in AvoNet; it is a gapspecies. Setting clean to 'gapspecies' or 'all' in load or extract functions will remove these from raw_data and place them in their own gapspecies tibble.","11/Oct/2023"
"232",60555,"species has no observations in AvoNet; it is a gapspecies. Setting clean to 'gapspecies' or 'all' in load or extract functions will remove these from raw_data and place them in their own gapspecies tibble.","11/Oct/2023"
"233",61822,"species has no observations in AvoNet; it is a gapspecies. Setting clean to 'gapspecies' or 'all' in load or extract functions will remove these from raw_data and place them in their own gapspecies tibble.","11/Oct/2023"
"234",61834,"species has no observations in AvoNet; it is a gapspecies. Setting clean to 'gapspecies' or 'all' in load or extract functions will remove these from raw_data and place them in their own gapspecies tibble.","11/Oct/2023"
"235",61980,"species has no observations in AvoNet; it is a gapspecies. Setting clean to 'gapspecies' or 'all' in load or extract functions will remove these from raw_data and place them in their own gapspecies tibble.","11/Oct/2023"
"236",62021,"species has no observations in AvoNet; it is a gapspecies. Setting clean to 'gapspecies' or 'all' in load or extract functions will remove these from raw_data and place them in their own gapspecies tibble.","11/Oct/2023"
"237",62518,"species has no observations in AvoNet; it is a gapspecies. Setting clean to 'gapspecies' or 'all' in load or extract functions will remove these from raw_data and place them in their own gapspecies tibble.","11/Oct/2023"
"238",62519,"species has no observations in AvoNet; it is a gapspecies. Setting clean to 'gapspecies' or 'all' in load or extract functions will remove these from raw_data and place them in their own gapspecies tibble.","11/Oct/2023"
"239",62719,"species has no observations in AvoNet; it is a gapspecies. Setting clean to 'gapspecies' or 'all' in load or extract functions will remove these from raw_data and place them in their own gapspecies tibble.","11/Oct/2023"
"240",62941,"species has no observations in AvoNet; it is a gapspecies. Setting clean to 'gapspecies' or 'all' in load or extract functions will remove these from raw_data and place them in their own gapspecies tibble.","11/Oct/2023"
"241",62992,"species has no observations in AvoNet; it is a gapspecies. Setting clean to 'gapspecies' or 'all' in load or extract functions will remove these from raw_data and place them in their own gapspecies tibble.","11/Oct/2023"
"242",63074,"species has no observations in AvoNet; it is a gapspecies. Setting clean to 'gapspecies' or 'all' in load or extract functions will remove these from raw_data and place them in their own gapspecies tibble.","11/Oct/2023"
"243",63080,"species has no observations in AvoNet; it is a gapspecies. Setting clean to 'gapspecies' or 'all' in load or extract functions will remove these from raw_data and place them in their own gapspecies tibble.","11/Oct/2023"
"244",63170,"species has no observations in AvoNet; it is a gapspecies. Setting clean to 'gapspecies' or 'all' in load or extract functions will remove these from raw_data and place them in their own gapspecies tibble.","11/Oct/2023"
"245",63254,"species has no observations in AvoNet; it is a gapspecies. Setting clean to 'gapspecies' or 'all' in load or extract functions will remove these from raw_data and place them in their own gapspecies tibble.","11/Oct/2023"
"246",63330,"species has no observations in AvoNet; it is a gapspecies. Setting clean to 'gapspecies' or 'all' in load or extract functions will remove these from raw_data and place them in their own gapspecies tibble.","11/Oct/2023"
"247",63398,"species has no observations in AvoNet; it is a gapspecies. Setting clean to 'gapspecies' or 'all' in load or extract functions will remove these from raw_data and place them in their own gapspecies tibble.","11/Oct/2023"
"248",63409,"species has no observations in AvoNet; it is a gapspecies. Setting clean to 'gapspecies' or 'all' in load or extract functions will remove these from raw_data and place them in their own gapspecies tibble.","11/Oct/2023"
"249",64008,"species has no observations in AvoNet; it is a gapspecies. Setting clean to 'gapspecies' or 'all' in load or extract functions will remove these from raw_data and place them in their own gapspecies tibble.","11/Oct/2023"
"250",64562,"species has no observations in AvoNet; it is a gapspecies. Setting clean to 'gapspecies' or 'all' in load or extract functions will remove these from raw_data and place them in their own gapspecies tibble.","11/Oct/2023"
"251",64658,"species has no observations in AvoNet; it is a gapspecies. Setting clean to 'gapspecies' or 'all' in load or extract functions will remove these from raw_data and place them in their own gapspecies tibble.","11/Oct/2023"
"252",65089,"species has no observations in AvoNet; it is a gapspecies. Setting clean to 'gapspecies' or 'all' in load or extract functions will remove these from raw_data and place them in their own gapspecies tibble.","11/Oct/2023"
"253",65106,"species has no observations in AvoNet; it is a gapspecies. Setting clean to 'gapspecies' or 'all' in load or extract functions will remove these from raw_data and place them in their own gapspecies tibble.","11/Oct/2023"
"254",65368,"species has no observations in AvoNet; it is a gapspecies. Setting clean to 'gapspecies' or 'all' in load or extract functions will remove these from raw_data and place them in their own gapspecies tibble.","11/Oct/2023"
"255",65636,"species has no observations in AvoNet; it is a gapspecies. Setting clean to 'gapspecies' or 'all' in load or extract functions will remove these from raw_data and place them in their own gapspecies tibble.","11/Oct/2023"
"256",66235,"species has no observations in AvoNet; it is a gapspecies. Setting clean to 'gapspecies' or 'all' in load or extract functions will remove these from raw_data and place them in their own gapspecies tibble.","11/Oct/2023"
"257",66491,"species has no observations in AvoNet; it is a gapspecies. Setting clean to 'gapspecies' or 'all' in load or extract functions will remove these from raw_data and place them in their own gapspecies tibble.","11/Oct/2023"
"258",66560,"species has no observations in AvoNet; it is a gapspecies. Setting clean to 'gapspecies' or 'all' in load or extract functions will remove these from raw_data and place them in their own gapspecies tibble.","11/Oct/2023"
"259",66779,"species has no observations in AvoNet; it is a gapspecies. Setting clean to 'gapspecies' or 'all' in load or extract functions will remove these from raw_data and place them in their own gapspecies tibble.","11/Oct/2023"
"260",66890,"species has no observations in AvoNet; it is a gapspecies. Setting clean to 'gapspecies' or 'all' in load or extract functions will remove these from raw_data and place them in their own gapspecies tibble.","11/Oct/2023"
"261",66929,"species has no observations in AvoNet; it is a gapspecies. Setting clean to 'gapspecies' or 'all' in load or extract functions will remove these from raw_data and place them in their own gapspecies tibble.","11/Oct/2023"
"262",67578,"species has no observations in AvoNet; it is a gapspecies. Setting clean to 'gapspecies' or 'all' in load or extract functions will remove these from raw_data and place them in their own gapspecies tibble.","11/Oct/2023"
"263",69637,"species has no observations in AvoNet; it is a gapspecies. Setting clean to 'gapspecies' or 'all' in load or extract functions will remove these from raw_data and place them in their own gapspecies tibble.","11/Oct/2023"
"264",69784,"species has no observations in AvoNet; it is a gapspecies. Setting clean to 'gapspecies' or 'all' in load or extract functions will remove these from raw_data and place them in their own gapspecies tibble.","11/Oct/2023"
"265",69785,"species has no observations in AvoNet; it is a gapspecies. Setting clean to 'gapspecies' or 'all' in load or extract functions will remove these from raw_data and place them in their own gapspecies tibble.","11/Oct/2023"
"266",69816,"species has no observations in AvoNet; it is a gapspecies. Setting clean to 'gapspecies' or 'all' in load or extract functions will remove these from raw_data and place them in their own gapspecies tibble.","11/Oct/2023"
"267",69862,"species has no observations in AvoNet; it is a gapspecies. Setting clean to 'gapspecies' or 'all' in load or extract functions will remove these from raw_data and place them in their own gapspecies tibble.","11/Oct/2023"
"268",70344,"species has no observations in AvoNet; it is a gapspecies. Setting clean to 'gapspecies' or 'all' in load or extract functions will remove these from raw_data and place them in their own gapspecies tibble.","11/Oct/2023"
"269",70376,"species has no observations in AvoNet; it is a gapspecies. Setting clean to 'gapspecies' or 'all' in load or extract functions will remove these from raw_data and place them in their own gapspecies tibble.","11/Oct/2023"
"270",70425,"species has no observations in AvoNet; it is a gapspecies. Setting clean to 'gapspecies' or 'all' in load or extract functions will remove these from raw_data and place them in their own gapspecies tibble.","11/Oct/2023"
"271",71361,"species has no observations in AvoNet; it is a gapspecies. Setting clean to 'gapspecies' or 'all' in load or extract functions will remove these from raw_data and place them in their own gapspecies tibble.","11/Oct/2023"
"272",71534,"species has no observations in AvoNet; it is a gapspecies. Setting clean to 'gapspecies' or 'all' in load or extract functions will remove these from raw_data and place them in their own gapspecies tibble.","11/Oct/2023"
"273",71553,"species has no observations in AvoNet; it is a gapspecies. Setting clean to 'gapspecies' or 'all' in load or extract functions will remove these from raw_data and place them in their own gapspecies tibble.","11/Oct/2023"
"274",71574,"species has no observations in AvoNet; it is a gapspecies. Setting clean to 'gapspecies' or 'all' in load or extract functions will remove these from raw_data and place them in their own gapspecies tibble.","11/Oct/2023"
"275",71585,"species has no observations in AvoNet; it is a gapspecies. Setting clean to 'gapspecies' or 'all' in load or extract functions will remove these from raw_data and place them in their own gapspecies tibble.","11/Oct/2023"
"276",71590,"species has no observations in AvoNet; it is a gapspecies. Setting clean to 'gapspecies' or 'all' in load or extract functions will remove these from raw_data and place them in their own gapspecies tibble.","11/Oct/2023"
"277",71673,"species has no observations in AvoNet; it is a gapspecies. Setting clean to 'gapspecies' or 'all' in load or extract functions will remove these from raw_data and place them in their own gapspecies tibble.","11/Oct/2023"
"278",71696,"species has no observations in AvoNet; it is a gapspecies. Setting clean to 'gapspecies' or 'all' in load or extract functions will remove these from raw_data and place them in their own gapspecies tibble.","11/Oct/2023"
"279",71776,"species has no observations in AvoNet; it is a gapspecies. Setting clean to 'gapspecies' or 'all' in load or extract functions will remove these from raw_data and place them in their own gapspecies tibble.","11/Oct/2023"
"280",71787,"species has no observations in AvoNet; it is a gapspecies. Setting clean to 'gapspecies' or 'all' in load or extract functions will remove these from raw_data and place them in their own gapspecies tibble.","11/Oct/2023"
"281",71798,"species has no observations in AvoNet; it is a gapspecies. Setting clean to 'gapspecies' or 'all' in load or extract functions will remove these from raw_data and place them in their own gapspecies tibble.","11/Oct/2023"
"282",71888,"species has no observations in AvoNet; it is a gapspecies. Setting clean to 'gapspecies' or 'all' in load or extract functions will remove these from raw_data and place them in their own gapspecies tibble.","11/Oct/2023"
"283",71889,"species has no observations in AvoNet; it is a gapspecies. Setting clean to 'gapspecies' or 'all' in load or extract functions will remove these from raw_data and place them in their own gapspecies tibble.","11/Oct/2023"
"284",71890,"species has no observations in AvoNet; it is a gapspecies. Setting clean to 'gapspecies' or 'all' in load or extract functions will remove these from raw_data and place them in their own gapspecies tibble.","11/Oct/2023"
"285",71891,"species has no observations in AvoNet; it is a gapspecies. Setting clean to 'gapspecies' or 'all' in load or extract functions will remove these from raw_data and place them in their own gapspecies tibble.","11/Oct/2023"
"286",71925,"species has no observations in AvoNet; it is a gapspecies. Setting clean to 'gapspecies' or 'all' in load or extract functions will remove these from raw_data and place them in their own gapspecies tibble.","11/Oct/2023"
"287",72030,"species has no observations in AvoNet; it is a gapspecies. Setting clean to 'gapspecies' or 'all' in load or extract functions will remove these from raw_data and place them in their own gapspecies tibble.","11/Oct/2023"
"288",72250,"species has no observations in AvoNet; it is a gapspecies. Setting clean to 'gapspecies' or 'all' in load or extract functions will remove these from raw_data and place them in their own gapspecies tibble.","11/Oct/2023"
"289",72315,"species has no observations in AvoNet; it is a gapspecies. Setting clean to 'gapspecies' or 'all' in load or extract functions will remove these from raw_data and place them in their own gapspecies tibble.","11/Oct/2023"
"290",72529,"species has no observations in AvoNet; it is a gapspecies. Setting clean to 'gapspecies' or 'all' in load or extract functions will remove these from raw_data and place them in their own gapspecies tibble.","11/Oct/2023"
"291",73123,"species has no observations in AvoNet; it is a gapspecies. Setting clean to 'gapspecies' or 'all' in load or extract functions will remove these from raw_data and place them in their own gapspecies tibble.","11/Oct/2023"
"292",73575,"species has no observations in AvoNet; it is a gapspecies. Setting clean to 'gapspecies' or 'all' in load or extract functions will remove these from raw_data and place them in their own gapspecies tibble.","11/Oct/2023"
"293",73576,"species has no observations in AvoNet; it is a gapspecies. Setting clean to 'gapspecies' or 'all' in load or extract functions will remove these from raw_data and place them in their own gapspecies tibble.","11/Oct/2023"
"294",73686,"species has no observations in AvoNet; it is a gapspecies. Setting clean to 'gapspecies' or 'all' in load or extract functions will remove these from raw_data and place them in their own gapspecies tibble.","11/Oct/2023"
"295",73687,"species has no observations in AvoNet; it is a gapspecies. Setting clean to 'gapspecies' or 'all' in load or extract functions will remove these from raw_data and place them in their own gapspecies tibble.","11/Oct/2023"
"296",73688,"species has no observations in AvoNet; it is a gapspecies. Setting clean to 'gapspecies' or 'all' in load or extract functions will remove these from raw_data and place them in their own gapspecies tibble.","11/Oct/2023"
"297",74364,"species has no observations in AvoNet; it is a gapspecies. Setting clean to 'gapspecies' or 'all' in load or extract functions will remove these from raw_data and place them in their own gapspecies tibble.","11/Oct/2023"
"298",75023,"species has no observations in AvoNet; it is a gapspecies. Setting clean to 'gapspecies' or 'all' in load or extract functions will remove these from raw_data and place them in their own gapspecies tibble.","11/Oct/2023"
"299",75193,"species has no observations in AvoNet; it is a gapspecies. Setting clean to 'gapspecies' or 'all' in load or extract functions will remove these from raw_data and place them in their own gapspecies tibble.","11/Oct/2023"
"300",75334,"species has no observations in AvoNet; it is a gapspecies. Setting clean to 'gapspecies' or 'all' in load or extract functions will remove these from raw_data and place them in their own gapspecies tibble.","11/Oct/2023"
"301",75481,"species has no observations in AvoNet; it is a gapspecies. Setting clean to 'gapspecies' or 'all' in load or extract functions will remove these from raw_data and place them in their own gapspecies tibble.","11/Oct/2023"
"302",75482,"species has no observations in AvoNet; it is a gapspecies. Setting clean to 'gapspecies' or 'all' in load or extract functions will remove these from raw_data and place them in their own gapspecies tibble.","11/Oct/2023"
"303",75483,"species has no observations in AvoNet; it is a gapspecies. Setting clean to 'gapspecies' or 'all' in load or extract functions will remove these from raw_data and place them in their own gapspecies tibble.","11/Oct/2023"
"304",76511,"species has no observations in AvoNet; it is a gapspecies. Setting clean to 'gapspecies' or 'all' in load or extract functions will remove these from raw_data and place them in their own gapspecies tibble.","11/Oct/2023"
"305",76644,"species has no observations in AvoNet; it is a gapspecies. Setting clean to 'gapspecies' or 'all' in load or extract functions will remove these from raw_data and place them in their own gapspecies tibble.","11/Oct/2023"
"306",76925,"species has no observations in AvoNet; it is a gapspecies. Setting clean to 'gapspecies' or 'all' in load or extract functions will remove these from raw_data and place them in their own gapspecies tibble.","11/Oct/2023"
"307",76996,"species has no observations in AvoNet; it is a gapspecies. Setting clean to 'gapspecies' or 'all' in load or extract functions will remove these from raw_data and place them in their own gapspecies tibble.","11/Oct/2023"
"308",78338,"species has no observations in AvoNet; it is a gapspecies. Setting clean to 'gapspecies' or 'all' in load or extract functions will remove these from raw_data and place them in their own gapspecies tibble.","11/Oct/2023"
"309",78365,"species has no observations in AvoNet; it is a gapspecies. Setting clean to 'gapspecies' or 'all' in load or extract functions will remove these from raw_data and place them in their own gapspecies tibble.","11/Oct/2023"
"310",78381,"species has no observations in AvoNet; it is a gapspecies. Setting clean to 'gapspecies' or 'all' in load or extract functions will remove these from raw_data and place them in their own gapspecies tibble.","11/Oct/2023"
"311",78443,"species has no observations in AvoNet; it is a gapspecies. Setting clean to 'gapspecies' or 'all' in load or extract functions will remove these from raw_data and place them in their own gapspecies tibble.","11/Oct/2023"
"312",78730,"species has no observations in AvoNet; it is a gapspecies. Setting clean to 'gapspecies' or 'all' in load or extract functions will remove these from raw_data and place them in their own gapspecies tibble.","11/Oct/2023"
"313",79607,"species has no observations in AvoNet; it is a gapspecies. Setting clean to 'gapspecies' or 'all' in load or extract functions will remove these from raw_data and place them in their own gapspecies tibble.","11/Oct/2023"
"314",80041,"species has no observations in AvoNet; it is a gapspecies. Setting clean to 'gapspecies' or 'all' in load or extract functions will remove these from raw_data and place them in their own gapspecies tibble.","11/Oct/2023"
"315",80287,"species has no observations in AvoNet; it is a gapspecies. Setting clean to 'gapspecies' or 'all' in load or extract functions will remove these from raw_data and place them in their own gapspecies tibble.","11/Oct/2023"
"316",80383,"species has no observations in AvoNet; it is a gapspecies. Setting clean to 'gapspecies' or 'all' in load or extract functions will remove these from raw_data and place them in their own gapspecies tibble.","11/Oct/2023"
"317",80407,"species has no observations in AvoNet; it is a gapspecies. Setting clean to 'gapspecies' or 'all' in load or extract functions will remove these from raw_data and place them in their own gapspecies tibble.","11/Oct/2023"
"318",80928,"species has no observations in AvoNet; it is a gapspecies. Setting clean to 'gapspecies' or 'all' in load or extract functions will remove these from raw_data and place them in their own gapspecies tibble.","11/Oct/2023"
"319",80929,"species has no observations in AvoNet; it is a gapspecies. Setting clean to 'gapspecies' or 'all' in load or extract functions will remove these from raw_data and place them in their own gapspecies tibble.","11/Oct/2023"
"320",81009,"species has no observations in AvoNet; it is a gapspecies. Setting clean to 'gapspecies' or 'all' in load or extract functions will remove these from raw_data and place them in their own gapspecies tibble.","11/Oct/2023"
"321",82151,"species has no observations in AvoNet; it is a gapspecies. Setting clean to 'gapspecies' or 'all' in load or extract functions will remove these from raw_data and place them in their own gapspecies tibble.","11/Oct/2023"
"322",82230,"species has no observations in AvoNet; it is a gapspecies. Setting clean to 'gapspecies' or 'all' in load or extract functions will remove these from raw_data and place them in their own gapspecies tibble.","11/Oct/2023"
"323",82527,"species has no observations in AvoNet; it is a gapspecies. Setting clean to 'gapspecies' or 'all' in load or extract functions will remove these from raw_data and place them in their own gapspecies tibble.","11/Oct/2023"
"324",84071,"species has no observations in AvoNet; it is a gapspecies. Setting clean to 'gapspecies' or 'all' in load or extract functions will remove these from raw_data and place them in their own gapspecies tibble.","11/Oct/2023"
"325",84393,"species has no observations in AvoNet; it is a gapspecies. Setting clean to 'gapspecies' or 'all' in load or extract functions will remove these from raw_data and place them in their own gapspecies tibble.","11/Oct/2023"
"326",84464,"species has no observations in AvoNet; it is a gapspecies. Setting clean to 'gapspecies' or 'all' in load or extract functions will remove these from raw_data and place them in their own gapspecies tibble.","11/Oct/2023"
"327",84565,"species has no observations in AvoNet; it is a gapspecies. Setting clean to 'gapspecies' or 'all' in load or extract functions will remove these from raw_data and place them in their own gapspecies tibble.","11/Oct/2023"
"328",84701,"species has no observations in AvoNet; it is a gapspecies. Setting clean to 'gapspecies' or 'all' in load or extract functions will remove these from raw_data and place them in their own gapspecies tibble.","11/Oct/2023"
"329",84702,"species has no observations in AvoNet; it is a gapspecies. Setting clean to 'gapspecies' or 'all' in load or extract functions will remove these from raw_data and place them in their own gapspecies tibble.","11/Oct/2023"
"330",84805,"species has no observations in AvoNet; it is a gapspecies. Setting clean to 'gapspecies' or 'all' in load or extract functions will remove these from raw_data and place them in their own gapspecies tibble.","11/Oct/2023"
"331",85319,"species has no observations in AvoNet; it is a gapspecies. Setting clean to 'gapspecies' or 'all' in load or extract functions will remove these from raw_data and place them in their own gapspecies tibble.","11/Oct/2023"
"332",85484,"species has no observations in AvoNet; it is a gapspecies. Setting clean to 'gapspecies' or 'all' in load or extract functions will remove these from raw_data and place them in their own gapspecies tibble.","11/Oct/2023"
"333",85691,"species has no observations in AvoNet; it is a gapspecies. Setting clean to 'gapspecies' or 'all' in load or extract functions will remove these from raw_data and place them in their own gapspecies tibble.","11/Oct/2023"
"334",87332,"species has no observations in AvoNet; it is a gapspecies. Setting clean to 'gapspecies' or 'all' in load or extract functions will remove these from raw_data and place them in their own gapspecies tibble.","11/Oct/2023"
"335",87660,"species has no observations in AvoNet; it is a gapspecies. Setting clean to 'gapspecies' or 'all' in load or extract functions will remove these from raw_data and place them in their own gapspecies tibble.","11/Oct/2023"
"336",88593,"species has no observations in AvoNet; it is a gapspecies. Setting clean to 'gapspecies' or 'all' in load or extract functions will remove these from raw_data and place them in their own gapspecies tibble.","11/Oct/2023"
"337",88833,"species has no observations in AvoNet; it is a gapspecies. Setting clean to 'gapspecies' or 'all' in load or extract functions will remove these from raw_data and place them in their own gapspecies tibble.","11/Oct/2023"
"338",88868,"species has no observations in AvoNet; it is a gapspecies. Setting clean to 'gapspecies' or 'all' in load or extract functions will remove these from raw_data and place them in their own gapspecies tibble.","11/Oct/2023"
"339",88898,"species has no observations in AvoNet; it is a gapspecies. Setting clean to 'gapspecies' or 'all' in load or extract functions will remove these from raw_data and place them in their own gapspecies tibble.","11/Oct/2023"
"340",88913,"species has no observations in AvoNet; it is a gapspecies. Setting clean to 'gapspecies' or 'all' in load or extract functions will remove these from raw_data and place them in their own gapspecies tibble.","11/Oct/2023"
"341",88943,"species has no observations in AvoNet; it is a gapspecies. Setting clean to 'gapspecies' or 'all' in load or extract functions will remove these from raw_data and place them in their own gapspecies tibble.","11/Oct/2023"
"342",89745,"species has no observations in AvoNet; it is a gapspecies. Setting clean to 'gapspecies' or 'all' in load or extract functions will remove these from raw_data and place them in their own gapspecies tibble.","11/Oct/2023"
"343",89988,"species has no observations in AvoNet; it is a gapspecies. Setting clean to 'gapspecies' or 'all' in load or extract functions will remove these from raw_data and place them in their own gapspecies tibble.","11/Oct/2023"
"344",90010,"species has no observations in AvoNet; it is a gapspecies. Setting clean to 'gapspecies' or 'all' in load or extract functions will remove these from raw_data and place them in their own gapspecies tibble.","11/Oct/2023"
"345",90049,"species has no observations in AvoNet; it is a gapspecies. Setting clean to 'gapspecies' or 'all' in load or extract functions will remove these from raw_data and place them in their own gapspecies tibble.","11/Oct/2023"
"346",90089,"species has no observations in AvoNet; it is a gapspecies. Setting clean to 'gapspecies' or 'all' in load or extract functions will remove these from raw_data and place them in their own gapspecies tibble.","11/Oct/2023"
"347",90150,"species has no observations in AvoNet; it is a gapspecies. Setting clean to 'gapspecies' or 'all' in load or extract functions will remove these from raw_data and place them in their own gapspecies tibble.","11/Oct/2023"
"348",90158,"species has no observations in AvoNet; it is a gapspecies. Setting clean to 'gapspecies' or 'all' in load or extract functions will remove these from raw_data and place them in their own gapspecies tibble.","11/Oct/2023"
"349",90240,"species has no observations in AvoNet; it is a gapspecies. Setting clean to 'gapspecies' or 'all' in load or extract functions will remove these from raw_data and place them in their own gapspecies tibble.","11/Oct/2023"
"350",90254,"species has no observations in AvoNet; it is a gapspecies. Setting clean to 'gapspecies' or 'all' in load or extract functions will remove these from raw_data and place them in their own gapspecies tibble.","11/Oct/2023"
"351",90292,"species has no observations in AvoNet; it is a gapspecies. Setting clean to 'gapspecies' or 'all' in load or extract functions will remove these from raw_data and place them in their own gapspecies tibble.","11/Oct/2023"
"352",90328,"species has no observations in AvoNet; it is a gapspecies. Setting clean to 'gapspecies' or 'all' in load or extract functions will remove these from raw_data and place them in their own gapspecies tibble.","11/Oct/2023"
